staffel_id,verband,gebiet,ligastufe,spielklasse,staffel,mannschaften,spiele_gesamt,tore_gesamt,punkte_gesamt,tabellenfuehrer,tabellenfuehrer_punkte,quelle
hbl-248,,,1,1. Handball-Bundesliga,1. Handball-Bundesliga,18,22,1352,44,SG Flensburg-Handewitt,6,fussball.de
hbl-254,,,2,2. Handball-Bundesliga,2. Handball-Bundesliga,18,15,922,30,VfL Lübeck-Schwartau,4,fussball.de
14054,Deutscher Handballbund,Deutscher Handballbund,3,3. Liga,Nord-Ost,16,8,497,16,HC Empor Rostock,2,fussball.de
14053,Deutscher Handballbund,Deutscher Handballbund,3,3. Liga,Nord-West,16,8,503,16,VFL Fredenbeck,2,fussball.de
14056,Deutscher Handballbund,Deutscher Handballbund,3,3. Liga,Süd,16,8,471,16,SG Pforzheim/Eutingen,3,fussball.de
14055,Deutscher Handballbund,Deutscher Handballbund,3,3. Liga,Süd-West,16,7,428,14,Saase3 Leutershausen Handball,2,fussball.de
12902,Handball Nordrhein,Handball Nordrhein,4,Regionalliga,Regionalliga Männer,14,0,0,0,BTB Aachen,0,fussball.de
13540,Handballregion-Nord,Handballregion-Nord,4,Regionalliga,Meisterrunde,14,4,222,8,TSV Ellerbek,2,fussball.de
12649,Handballverband Westfalen,Handballverband Westfalen,4,Regionalliga,HVW Männer Regionalliga,14,0,0,0,Allgemeiner Sportverein Hamm-Westfalen e.V. II,0,fussball.de
13248,REGIONALLIGA SüDWEST,REGIONALLIGA SüDWEST,4,Regionalliga,RLSW-M,14,5,284,10,TV Homburg 1,2,fussball.de
12373,Hamburger Handballverband,Hamburger Handballverband,5,Oberliga,Oberliga Männer (100),14,1,62,2,TH Eilbeck,2,fussball.de
17158,Hamburger Handballverband,Hamburger Handballverband,5,Oberliga,Oberliga Senioren (300),6,0,0,0,AMTV Hamburg Ü40,0,fussball.de
12904,Handball Nordrhein,Handball Nordrhein,5,Oberliga,Oberliga Männer Gr. 1,14,0,0,0,1.Fc KÖLN,0,fussball.de
12905,Handball Nordrhein,Handball Nordrhein,5,Oberliga,Oberliga Männer Gr. 2,14,0,0,0,Bergische Panther II,0,fussball.de
12906,Handball Nordrhein,Handball Nordrhein,5,Oberliga,Oberliga Männer Gr. 3,14,0,0,0,ASV Süchteln 1M,0,fussball.de
12401,Handballverband Rheinhessen-Pfalz,Handballverband Rheinhessen-Pfalz,5,Oberliga,M-OL,12,4,221,8,TV Offenbach,2,fussball.de
12820,Handballverband Rheinland,Handballverband Rheinland,5,Oberliga,Oberliga Männer · Handballverband Rheinland,12,0,0,0,DJK/MJC Trier,0,fussball.de
14368,Handballverband SAAR,Handballverband SAAR,5,Oberliga,Oberliga Männer,13,0,0,0,DJK Marpingen,0,fussball.de
12542,Handballverband Sachsen,Handballverband Sachsen,5,Oberliga,OLS MÄNNER,12,0,0,0,BSV Limbach-O.,0,fussball.de
15097,Handballverband Schleswig-Holstein,Handballverband Schleswig-Holstein,5,Oberliga,Meisterrunde · Handballverband Schleswig-Holstein,14,4,240,8,TSV Hürup II,2,fussball.de
12646,Handballverband Westfalen,Handballverband Westfalen,5,Oberliga,HVW Männer Oberliga Staffel 1,14,0,0,0,ASV Senden E.V.,0,fussball.de
12647,Handballverband Westfalen,Handballverband Westfalen,5,Oberliga,HVW Männer Oberliga Staffel 2,13,0,0,0,Ahlener SG 93 e.V. II,0,fussball.de
16949,Hamburger Handballverband,Hamburger Handballverband,6,Verbandsliga,Freiwurf-Liga Hamburg (910),4,0,0,0,Elmshorner HT (FWL),0,fussball.de
12912,Handball Nordrhein,Handball Nordrhein,6,Verbandsliga,Verbandsliga Männer Gr. 1,14,0,0,0,Alstadener TUS,0,fussball.de
12914,Handball Nordrhein,Handball Nordrhein,6,Verbandsliga,Verbandsliga Männer Gr. 2,14,0,0,0,DJK GRÜN Weiss Werden,0,fussball.de
12917,Handball Nordrhein,Handball Nordrhein,6,Verbandsliga,Verbandsliga Männer Gr. 3,14,0,0,0,Cronenberger TG,0,fussball.de
12920,Handball Nordrhein,Handball Nordrhein,6,Verbandsliga,Verbandsliga Männer Gr. 4,14,0,0,0,ATV Hückeswagen,0,fussball.de
12921,Handball Nordrhein,Handball Nordrhein,6,Verbandsliga,Verbandsliga Männer Gr. 5,14,0,0,0,1.Fc KÖLN II,0,fussball.de
12922,Handball Nordrhein,Handball Nordrhein,6,Verbandsliga,Verbandsliga Männer Gr. 6,14,0,0,0,Handball Oppum II,0,fussball.de
12467,Handballverband Rheinhessen-Pfalz,Handballverband Rheinhessen-Pfalz,6,Verbandsliga,VL-M,12,4,242,8,HSG Dudenhofen/Schifferstadt 2,2,fussball.de
12824,Handballverband Rheinland,Handballverband Rheinland,6,Verbandsliga,Verbandsliga Männer · Handballverband Rheinland,11,0,0,0,DJK St. Matthias Trier,0,fussball.de
14383,Handballverband SAAR,Handballverband SAAR,6,Verbandsliga,Verbandsliga Männer,13,0,0,0,ASC Quierschied,0,fussball.de
12571,Handballverband Sachsen,Handballverband Sachsen,6,Verbandsliga,Verbandsliga Ost,12,0,0,0,ESV Dresden,0,fussball.de
12572,Handballverband Sachsen,Handballverband Sachsen,6,Verbandsliga,Verbandsliga West,12,0,0,0,Germania Zwenkau,0,fussball.de
14064,Handballverband Schleswig-Holstein,Handballverband Schleswig-Holstein,6,Verbandsliga,Meisterrunde - Nord,12,4,194,8,HSG Marne/Brunsbüttel,2,fussball.de
14063,Handballverband Schleswig-Holstein,Handballverband Schleswig-Holstein,6,Verbandsliga,Meisterrunde - Süd,12,4,215,8,TSV Schwarzenbek,2,fussball.de
12653,Handballverband Westfalen,Handballverband Westfalen,6,Verbandsliga,HVW Männer Verbandsliga Staffel 1,14,0,0,0,1. Herren,0,fussball.de
12654,Handballverband Westfalen,Handballverband Westfalen,6,Verbandsliga,HVW Männer Verbandsliga Staffel 2,14,0,0,0,HC Westfalia Herne E.V. II,0,fussball.de
12655,Handballverband Westfalen,Handballverband Westfalen,6,Verbandsliga,HVW Männer Verbandsliga Staffel 3,14,0,0,0,ATV Dorstfeld 1878 E.V.,0,fussball.de
13427,Hamburger Handballverband,Hamburger Handballverband,7,Landesliga,Landesliga Männer Gruppe 1 (121),12,0,0,0,Barmstedter MTV,0,fussball.de
13428,Hamburger Handballverband,Hamburger Handballverband,7,Landesliga,Landesliga Männer Gruppe 2 (122),12,0,0,0,AMTV Hamburg II,0,fussball.de
17292,Hamburger Handballverband,Hamburger Handballverband,7,Landesliga,Landesliga Senioren (320),8,0,0,0,FC St. Pauli Ü40,0,fussball.de
14717,HK Aachen-Düren,HK Aachen-Düren,8,Bezirksoberliga / Kreisoberliga / Regionsoberliga,Regionsoberliga,12,0,0,0,BTB Aachen IV,0,fussball.de
12899,HK Bonn-Euskirchen-Sieg,HK Bonn-Euskirchen-Sieg,8,Bezirksoberliga / Kreisoberliga / Regionsoberliga,Kreisoberliga Männer,11,0,0,0,Godesberger TV,0,fussball.de
16926,HK Essen,HK Essen,8,Bezirksoberliga / Kreisoberliga / Regionsoberliga,Staffel Nord- BEZIRKSOBERLIGA / KREISOBERLIGA / REGIONSOBERLIGA Männer ( HK Essen),12,0,0,0,Cronenberger TG II,0,fussball.de
16008,HK Essen,HK Essen,8,Bezirksoberliga / Kreisoberliga / Regionsoberliga,Staffel Süd - BEZIRKSOBERLIGA / KREISOBERLIGA / REGIONSOBERLIGA Männer ( HK Essen),12,0,0,0,Bergische Panther III,0,fussball.de
15673,HK Krefeld-Grenzland,HK Krefeld-Grenzland,8,Bezirksoberliga / Kreisoberliga / Regionsoberliga,BOL Männer,13,1,0,2,HSV Rheydt,1,fussball.de
12887,HK Köln-Rheinberg,HK Köln-Rheinberg,8,Bezirksoberliga / Kreisoberliga / Regionsoberliga,Regionsoberliga Männer · HK Köln-Rheinberg,12,0,0,0,HGV Hürth-Gleuel,0,fussball.de
12955,HK Oberberg,HK Oberberg,8,Bezirksoberliga / Kreisoberliga / Regionsoberliga,Regionsoberliga Männer · HK Oberberg,8,0,0,0,CVJM Oberwiehl II,0,fussball.de
12778,HK Rhein-Ruhr,HK Rhein-Ruhr,8,Bezirksoberliga / Kreisoberliga / Regionsoberliga,REGIONSOBERLIGA MÄNNER,14,0,0,0,Alstadener TUS II,0,fussball.de
13063,HK Wesel,HK Wesel,8,Bezirksoberliga / Kreisoberliga / Regionsoberliga,Regionsoberliga Männer,12,0,0,0,HC TV Rhede II,0,fussball.de
13114,HR Leipzig,HR Leipzig,8,Bezirksoberliga / Kreisoberliga / Regionsoberliga,ROL Männer · HR Leipzig,8,0,0,0,HSV Mölkau - Die Haie,0,fussball.de
13108,HR Ostsachsen,HR Ostsachsen,8,Bezirksoberliga / Kreisoberliga / Regionsoberliga,ROL Männer · HR Ostsachsen,11,0,0,0,HSV 1923 Pulsnitz II,0,fussball.de
13101,HR Sachsen-Mitte,HR Sachsen-Mitte,8,Bezirksoberliga / Kreisoberliga / Regionsoberliga,ROL Männer,12,0,0,0,ESV Dresden II,0,fussball.de
12709,HR Südwestsachsen,HR Südwestsachsen,8,Bezirksoberliga / Kreisoberliga / Regionsoberliga,ROL Männer · HR Südwestsachsen,12,1,0,2,HC Einheit Plauen II,1,fussball.de
13431,Hamburger Handballverband,Hamburger Handballverband,8,Bezirksoberliga / Kreisoberliga / Regionsoberliga,Bezirksoberliga Männer Gruppe 1 (131),9,0,0,0,1. HC Quickborn,0,fussball.de
13433,Hamburger Handballverband,Hamburger Handballverband,8,Bezirksoberliga / Kreisoberliga / Regionsoberliga,Bezirksoberliga Männer Gruppe 2 (132),9,0,0,0,ETV Hamburg III,0,fussball.de
13436,Hamburger Handballverband,Hamburger Handballverband,8,Bezirksoberliga / Kreisoberliga / Regionsoberliga,Bezirksoberliga Männer Gruppe 4 (134),9,0,0,0,2.Herren,0,fussball.de
13437,Hamburger Handballverband,Hamburger Handballverband,8,Bezirksoberliga / Kreisoberliga / Regionsoberliga,Bezirksoberliga Männer Staffel 3 (133),10,0,0,0,Ahrensburger TSV II,0,fussball.de
12961,Handball-Erwachsene DER Kreishandballverbände IN Schleswig-Holstein,Handball-Erwachsene DER Kreishandballverbände IN Schleswig-Holstein,8,Bezirksoberliga / Kreisoberliga / Regionsoberliga,Kreisoberliga Männer Nord,12,4,226,8,HSG 91 Nortorf,2,fussball.de
12962,Handball-Erwachsene DER Kreishandballverbände IN Schleswig-Holstein,Handball-Erwachsene DER Kreishandballverbände IN Schleswig-Holstein,8,Bezirksoberliga / Kreisoberliga / Regionsoberliga,Kreisoberliga Männer Ost,12,3,151,6,HSG WABO 2011,2,fussball.de
12964,Handball-Erwachsene DER Kreishandballverbände IN Schleswig-Holstein,Handball-Erwachsene DER Kreishandballverbände IN Schleswig-Holstein,8,Bezirksoberliga / Kreisoberliga / Regionsoberliga,Kreisoberliga Männer Süd,13,4,232,8,TSV Gross Grönau,2,fussball.de
12963,Handball-Erwachsene DER Kreishandballverbände IN Schleswig-Holstein,Handball-Erwachsene DER Kreishandballverbände IN Schleswig-Holstein,8,Bezirksoberliga / Kreisoberliga / Regionsoberliga,Kreisoberliga Männer West,12,5,268,10,SG Handball Neumünster,2,fussball.de
12662,Handballkreis Hellweg,Handballkreis Hellweg,8,Bezirksoberliga / Kreisoberliga / Regionsoberliga,Männer Bezirksliga HKH,12,0,0,0,Allgemeiner Sportverein Hamm-Westfalen e.V. III,0,fussball.de
13224,Handballkreis Münsterland,Handballkreis Münsterland,8,Bezirksoberliga / Kreisoberliga / Regionsoberliga,Bezirksliga Münsterland Männer,14,0,0,0,ASV Senden II,0,fussball.de
12482,Handballverband Rheinhessen-Pfalz,Handballverband Rheinhessen-Pfalz,8,Bezirksoberliga / Kreisoberliga / Regionsoberliga,M-BOL 1,12,5,227,10,SG Saulheim 2,4,fussball.de
12483,Handballverband Rheinhessen-Pfalz,Handballverband Rheinhessen-Pfalz,8,Bezirksoberliga / Kreisoberliga / Regionsoberliga,M-BOL 2,12,5,274,10,TUS Neuhofen,2,fussball.de
14339,KÜS Ruhrgebiet SÜD,KÜS Ruhrgebiet SÜD,8,Bezirksoberliga / Kreisoberliga / Regionsoberliga,KÜS Bezirklsliga Südwestfalen,12,0,0,0,HSG Hohenlimburg,0,fussball.de
14340,KÜS Ruhrgebiet SÜD,KÜS Ruhrgebiet SÜD,8,Bezirksoberliga / Kreisoberliga / Regionsoberliga,KÜS Bezirksliga Mitte,12,0,0,0,ASC Dortmund II,0,fussball.de
14338,KÜS Ruhrgebiet SÜD,KÜS Ruhrgebiet SÜD,8,Bezirksoberliga / Kreisoberliga / Regionsoberliga,KÜS Bezirksliga Ruhrgebiet,12,0,0,0,DJK Welper,0,fussball.de
14543,Mosel/Eifel-Nahe/Hunsrück,Mosel/Eifel-Nahe/Hunsrück,8,Bezirksoberliga / Kreisoberliga / Regionsoberliga,Bezirksoberliga Mosel/Eifel-Nahe/Hunsrück,10,0,0,0,DJK/MJC Trier II,0,fussball.de
13124,Rhein/Westerwald,Rhein/Westerwald,8,Bezirksoberliga / Kreisoberliga / Regionsoberliga,Bezirksoberliga Rhein/Westerwald,10,0,0,0,GW Mendig II,0,fussball.de
14819,HK Aachen-Düren,HK Aachen-Düren,9,Bezirksliga / Kreisliga / Regionsliga,Regionsliga,9,0,0,0,Eschweiler SG III,0,fussball.de
12897,HK Bonn-Euskirchen-Sieg,HK Bonn-Euskirchen-Sieg,9,Bezirksliga / Kreisliga / Regionsliga,Kreisliga Männer,10,0,0,0,HSG Euskirchen II,0,fussball.de
16078,HK Essen,HK Essen,9,Bezirksliga / Kreisliga / Regionsliga,Regionsliga Männer Nord,10,0,0,0,DJK Winfried Huttrop 2.M,0,fussball.de
14914,HK Essen,HK Essen,9,Bezirksliga / Kreisliga / Regionsliga,Regionsliga Männer Süd,11,0,0,0,ASV Wuppertal,0,fussball.de
15675,HK Krefeld-Grenzland,HK Krefeld-Grenzland,9,Bezirksliga / Kreisliga / Regionsliga,BL Männer,14,1,0,2,Handball Oppum III,1,fussball.de
12889,HK Köln-Rheinberg,HK Köln-Rheinberg,9,Bezirksliga / Kreisliga / Regionsliga,Regionsliga Männer · HK Köln-Rheinberg,14,0,0,0,Brühler TV II,0,fussball.de
12960,HK Oberberg,HK Oberberg,9,Bezirksliga / Kreisliga / Regionsliga,Regionsliga Männer · HK Oberberg,8,0,0,0,Blue-White-Dynamite VfL Gummersbach e.V.,0,fussball.de
13017,HK Rhein-Ruhr,HK Rhein-Ruhr,9,Bezirksliga / Kreisliga / Regionsliga,REGIONSLIGA MÄNNER,12,0,0,0,Alstadener TUS III,0,fussball.de
13065,HK Wesel,HK Wesel,9,Bezirksliga / Kreisliga / Regionsliga,Regionsliga Männer,9,0,0,0,HC TV Rhede III,0,fussball.de
13116,HR Leipzig,HR Leipzig,9,Bezirksliga / Kreisliga / Regionsliga,RL Männer · HR Leipzig,12,0,0,0,Bornaer HV 09,0,fussball.de
13110,HR Ostsachsen,HR Ostsachsen,9,Bezirksliga / Kreisliga / Regionsliga,RL Männer · HR Ostsachsen,10,0,0,0,HSV 1923 Pulsnitz III,0,fussball.de
13103,HR Sachsen-Mitte,HR Sachsen-Mitte,9,Bezirksliga / Kreisliga / Regionsliga,RL Männer,11,0,0,0,ESV Dresden III,0,fussball.de
13096,HR Südwestsachsen,HR Südwestsachsen,9,Bezirksliga / Kreisliga / Regionsliga,RL Männer · HR Südwestsachsen,12,0,0,0,HC Annaberg-B.,0,fussball.de
13440,Hamburger Handballverband,Hamburger Handballverband,9,Bezirksliga / Kreisliga / Regionsliga,Kreisliga Männer Gruppe 1 (141),9,0,0,0,FC St. Pauli VI,0,fussball.de
13442,Hamburger Handballverband,Hamburger Handballverband,9,Bezirksliga / Kreisliga / Regionsliga,Kreisliga Männer Gruppe 2 (142),10,0,0,0,AMTV Hamburg III,0,fussball.de
12969,Handball-Erwachsene DER Kreishandballverbände IN Schleswig-Holstein,Handball-Erwachsene DER Kreishandballverbände IN Schleswig-Holstein,9,Bezirksliga / Kreisliga / Regionsliga,Kreisliga Männer - Staffel A,9,0,0,0,HFF Munkbrarup II,0,fussball.de
12970,Handball-Erwachsene DER Kreishandballverbände IN Schleswig-Holstein,Handball-Erwachsene DER Kreishandballverbände IN Schleswig-Holstein,9,Bezirksliga / Kreisliga / Regionsliga,Kreisliga Männer - Staffel B,8,0,0,0,HG Owschlag-Kropp-Tetenhusen,0,fussball.de
12971,Handball-Erwachsene DER Kreishandballverbände IN Schleswig-Holstein,Handball-Erwachsene DER Kreishandballverbände IN Schleswig-Holstein,9,Bezirksliga / Kreisliga / Regionsliga,Kreisliga Männer - Staffel C,10,0,0,0,Eckernförder MTV,0,fussball.de
12972,Handball-Erwachsene DER Kreishandballverbände IN Schleswig-Holstein,Handball-Erwachsene DER Kreishandballverbände IN Schleswig-Holstein,9,Bezirksliga / Kreisliga / Regionsliga,Kreisliga Männer - Staffel D,9,0,0,0,FT Adler KIEL II,0,fussball.de
12973,Handball-Erwachsene DER Kreishandballverbände IN Schleswig-Holstein,Handball-Erwachsene DER Kreishandballverbände IN Schleswig-Holstein,9,Bezirksliga / Kreisliga / Regionsliga,Kreisliga Männer - Staffel E,10,1,51,2,DIE HAIE I HSG Horst/Kiebitzreihe III,2,fussball.de
12974,Handball-Erwachsene DER Kreishandballverbände IN Schleswig-Holstein,Handball-Erwachsene DER Kreishandballverbände IN Schleswig-Holstein,9,Bezirksliga / Kreisliga / Regionsliga,Kreisliga Männer - Staffel F,8,0,0,0,ATSV Stockelsdorf III,0,fussball.de
12975,Handball-Erwachsene DER Kreishandballverbände IN Schleswig-Holstein,Handball-Erwachsene DER Kreishandballverbände IN Schleswig-Holstein,9,Bezirksliga / Kreisliga / Regionsliga,Kreisliga Männer - Staffel G,10,0,0,0,ATSV Stockelsdorf II,0,fussball.de
13295,Handballkreis Bielefeld-Herford,Handballkreis Bielefeld-Herford,9,Bezirksliga / Kreisliga / Regionsliga,Männer Kreisliga Bielefeld-Herford,10,0,0,0,HSG EGB Bielefeld II,0,fussball.de
12777,Handballkreis Dortmund,Handballkreis Dortmund,9,Bezirksliga / Kreisliga / Regionsliga,HKDO-KL-M,10,0,0,0,DJK Ewaldi Aplerbeck H1,0,fussball.de
12456,Handballkreis Gütersloh,Handballkreis Gütersloh,9,Bezirksliga / Kreisliga / Regionsliga,HBKGT Männer Kreisliga,12,0,0,0,FC Greffen,0,fussball.de
13011,Handballkreis Hagen/Ennepe-Ruhr,Handballkreis Hagen/Ennepe-Ruhr,9,Bezirksliga / Kreisliga / Regionsliga,MÄNNER KREISLIGA HKHR,11,0,0,0,CVJM Gevelsberg,0,fussball.de
12689,Handballkreis Hellweg,Handballkreis Hellweg,9,Bezirksliga / Kreisliga / Regionsliga,Männer Kreisliga HKH,9,0,0,0,2. Herren,0,fussball.de
12710,Handballkreis Industrie,Handballkreis Industrie,9,Bezirksliga / Kreisliga / Regionsliga,HKI-M-Kreisliga,13,0,0,0,DJK Westfalia Welper E.V. II,0,fussball.de
15069,Handballkreis Iserlohn-Arnsberg,Handballkreis Iserlohn-Arnsberg,9,Bezirksliga / Kreisliga / Regionsliga,HKISAR Kreisliga MÄNNER,10,0,0,0,HSG Schwerte Westhofen 1.H,0,fussball.de
15898,Handballkreis Lenne-Sieg,Handballkreis Lenne-Sieg,9,Bezirksliga / Kreisliga / Regionsliga,HKLesi Kreisliga A Männer,10,0,0,0,HSG Lüdenscheid e.V. II,0,fussball.de
15787,Handballkreis Lenne-Sieg,Handballkreis Lenne-Sieg,9,Bezirksliga / Kreisliga / Regionsliga,KLB Süd 3 Runde,5,0,0,0,HSG Siegerland II,0,fussball.de
13093,Handballkreis Lenne-Sieg,Handballkreis Lenne-Sieg,9,Bezirksliga / Kreisliga / Regionsliga,Kreisliga B Nord,6,0,0,0,HSG Lüdenscheid E.V. III,0,fussball.de
13094,Handballkreis Lenne-Sieg,Handballkreis Lenne-Sieg,9,Bezirksliga / Kreisliga / Regionsliga,Kreisliga B Süd,5,0,0,0,HSG Siegerland II,0,fussball.de
13126,Handballkreis Lippe,Handballkreis Lippe,9,Bezirksliga / Kreisliga / Regionsliga,HBKLIP Kreisliga Männer,12,0,0,0,FC Stukenbrock,0,fussball.de
13016,Handballkreis Minden-Lübbecke,Handballkreis Minden-Lübbecke,9,Bezirksliga / Kreisliga / Regionsliga,HBKML Männer Kreisliga,14,0,0,0,HSG EURO 2,0,fussball.de
13227,Handballkreis Münsterland,Handballkreis Münsterland,9,Bezirksliga / Kreisliga / Regionsliga,Kreisliga Münsterland Männer,12,0,0,0,BSV Roxel,0,fussball.de
12486,Handballverband Rheinhessen-Pfalz,Handballverband Rheinhessen-Pfalz,9,Bezirksliga / Kreisliga / Regionsliga,M-BZL 1,12,2,123,4,SF Budenheim 3,2,fussball.de
12487,Handballverband Rheinhessen-Pfalz,Handballverband Rheinhessen-Pfalz,9,Bezirksliga / Kreisliga / Regionsliga,M-BZL 2,12,4,224,8,TV 03 Wörth 2,2,fussball.de
14382,Handballverband SAAR,Handballverband SAAR,9,Bezirksliga / Kreisliga / Regionsliga,Bezirksliga Männer,13,0,0,0,DJK Marpingen 2,0,fussball.de
12671,KÜS Ostwestfalenlippe,KÜS Ostwestfalenlippe,9,Bezirksliga / Kreisliga / Regionsliga,OWL Männer Bezirksliga Staffel 1,14,1,53,2,VFL Handball Mennighüffen II,2,fussball.de
12672,KÜS Ostwestfalenlippe,KÜS Ostwestfalenlippe,9,Bezirksliga / Kreisliga / Regionsliga,OWL Männer Bezirksliga Staffel 2,14,0,0,0,HSG Altenbeken/Buke,0,fussball.de
14548,Mosel/Eifel-Nahe/Hunsrück,Mosel/Eifel-Nahe/Hunsrück,9,Bezirksliga / Kreisliga / Regionsliga,Bezirksliga Männer Mosel/Eifel-Nahe/Hunsrück,5,0,0,0,DJK St. Matthias Trier II,0,fussball.de
15020,Rhein/Westerwald,Rhein/Westerwald,9,Bezirksliga / Kreisliga / Regionsliga,Bezirksliga Männer Rhein/Westerwald,8,0,0,0,DJK Betzdorf,0,fussball.de
14417,Bergischer HK,Bergischer HK,10,Bezirksklasse / Kreisklasse / Regionsklasse,1. Regionsklasse Männer BHK,10,0,0,0,Bergischer HC,0,fussball.de
14820,HK Aachen-Düren,HK Aachen-Düren,10,Bezirksklasse / Kreisklasse / Regionsklasse,Regionsklasse,11,0,0,0,BSC Setterich,0,fussball.de
17301,HK Bonn-Euskirchen-Sieg,HK Bonn-Euskirchen-Sieg,10,Bezirksklasse / Kreisklasse / Regionsklasse,Kreisklasse Männer,9,0,0,0,Godesberger TV II,0,fussball.de
15941,HK Düsseldorf,HK Düsseldorf,10,Bezirksklasse / Kreisklasse / Regionsklasse,1. Regionsklasse Männer (HK Düsseldorf),9,0,0,0,HSG JAHN 05/Sc WEST 1m,0,fussball.de
16888,HK Essen,HK Essen,10,Bezirksklasse / Kreisklasse / Regionsklasse,Regionsklasse Essen Männer,10,0,0,0,DJK GRÜN Weiss Werden 3.M,0,fussball.de
16080,HK Essen,HK Essen,10,Bezirksklasse / Kreisklasse / Regionsklasse,Regionsklasse Wuppertal Männer,9,0,0,0,Cronenberger TG IV,0,fussball.de
15676,HK Krefeld-Grenzland,HK Krefeld-Grenzland,10,Bezirksklasse / Kreisklasse / Regionsklasse,BK Männer,14,0,0,0,ASV Süchteln 3M,0,fussball.de
12894,HK Köln-Rheinberg,HK Köln-Rheinberg,10,Bezirksklasse / Kreisklasse / Regionsklasse,Regionsklasse Männer,14,0,0,0,1.Fc KÖLN III,0,fussball.de
13019,HK Rhein-Ruhr,HK Rhein-Ruhr,10,Bezirksklasse / Kreisklasse / Regionsklasse,REGIONSKLASSE MÄNNER,12,0,0,0,DJK Adler 07 Bottrop II,0,fussball.de
13067,HK Wesel,HK Wesel,10,Bezirksklasse / Kreisklasse / Regionsklasse,Regionsklasse Männer · HK Wesel,9,0,0,0,HSG Hiesfeld/Aldenrade IV,0,fussball.de
13118,HR Leipzig,HR Leipzig,10,Bezirksklasse / Kreisklasse / Regionsklasse,RK Männer,9,0,0,0,Germania Zwenkau II,0,fussball.de
13113,HR Ostsachsen,HR Ostsachsen,10,Bezirksklasse / Kreisklasse / Regionsklasse,Freizeitklasse Staffel A,3,0,0,0,MSV Bautzen 04,0,fussball.de
15188,HR Ostsachsen,HR Ostsachsen,10,Bezirksklasse / Kreisklasse / Regionsklasse,Freizeitklasse Staffel B,4,0,0,0,LHV Hoyerswerda IV,0,fussball.de
13106,HR Sachsen-Mitte,HR Sachsen-Mitte,10,Bezirksklasse / Kreisklasse / Regionsklasse,RK Männer St. 1,8,0,0,0,HSV Weinböhla III,0,fussball.de
13107,HR Sachsen-Mitte,HR Sachsen-Mitte,10,Bezirksklasse / Kreisklasse / Regionsklasse,RK Männer St. 2,8,0,0,0,Blau-Weiss Gröditz,0,fussball.de
13100,HR Südwestsachsen,HR Südwestsachsen,10,Bezirksklasse / Kreisklasse / Regionsklasse,RK Männer Ost,12,0,0,0,Burgstädter HC II,0,fussball.de
13099,HR Südwestsachsen,HR Südwestsachsen,10,Bezirksklasse / Kreisklasse / Regionsklasse,RK Männer West,10,0,0,0,BSG Wismut AUE II,0,fussball.de
13445,Hamburger Handballverband,Hamburger Handballverband,10,Bezirksklasse / Kreisklasse / Regionsklasse,Kreisklasse Männer Gruppe 1 (151),8,0,0,0,Elmshorner HT II,0,fussball.de
13446,Hamburger Handballverband,Hamburger Handballverband,10,Bezirksklasse / Kreisklasse / Regionsklasse,Kreisklasse Männer Gruppe 2 (152),7,0,0,0,Ahrensburger TSV III,0,fussball.de
12988,Handball-Erwachsene DER Kreishandballverbände IN Schleswig-Holstein,Handball-Erwachsene DER Kreishandballverbände IN Schleswig-Holstein,10,Bezirksklasse / Kreisklasse / Regionsklasse,Kreisklasse Männer Kiel/RD,9,0,0,0,Büdelsdorfer TSV,0,fussball.de
12990,Handball-Erwachsene DER Kreishandballverbände IN Schleswig-Holstein,Handball-Erwachsene DER Kreishandballverbände IN Schleswig-Holstein,10,Bezirksklasse / Kreisklasse / Regionsklasse,Kreisklasse Männer LauSto,8,0,0,0,Boizenburger HV,0,fussball.de
12985,Handball-Erwachsene DER Kreishandballverbände IN Schleswig-Holstein,Handball-Erwachsene DER Kreishandballverbände IN Schleswig-Holstein,10,Bezirksklasse / Kreisklasse / Regionsklasse,Kreisklasse Männer Nord A,10,1,49,2,HSG Angeln II,2,fussball.de
12986,Handball-Erwachsene DER Kreishandballverbände IN Schleswig-Holstein,Handball-Erwachsene DER Kreishandballverbände IN Schleswig-Holstein,10,Bezirksklasse / Kreisklasse / Regionsklasse,Kreisklasse Männer Nord B,9,0,0,0,HSG Nordau IV,0,fussball.de
12989,Handball-Erwachsene DER Kreishandballverbände IN Schleswig-Holstein,Handball-Erwachsene DER Kreishandballverbände IN Schleswig-Holstein,10,Bezirksklasse / Kreisklasse / Regionsklasse,Kreisklasse Männer Ostsee,9,0,0,0,Eichholzer SV,0,fussball.de
12987,Handball-Erwachsene DER Kreishandballverbände IN Schleswig-Holstein,Handball-Erwachsene DER Kreishandballverbände IN Schleswig-Holstein,10,Bezirksklasse / Kreisklasse / Regionsklasse,Kreisklasse Männer Plön,9,1,59,2,TSV Schönberg II,2,fussball.de
13293,Handballkreis Bielefeld-Herford,Handballkreis Bielefeld-Herford,10,Bezirksklasse / Kreisklasse / Regionsklasse,Männer 1. Kreisklasse,10,0,0,0,HSG Löhne-Obernbeck,0,fussball.de
12784,Handballkreis Dortmund,Handballkreis Dortmund,10,Bezirksklasse / Kreisklasse / Regionsklasse,HKDO-1. KK-M,12,0,0,0,ASC 09 Dortmund 3,0,fussball.de
12686,Handballkreis Gütersloh,Handballkreis Gütersloh,10,Bezirksklasse / Kreisklasse / Regionsklasse,HBKGT Männer 1. Kreisklasse,12,0,0,0,HSG Rietberg-Mastholte II,0,fussball.de
13009,Handballkreis Hagen/Ennepe-Ruhr,Handballkreis Hagen/Ennepe-Ruhr,10,Bezirksklasse / Kreisklasse / Regionsklasse,MÄNNER KREISklasse HKHR,8,0,0,0,HSG ECD Hagen 3,0,fussball.de
12715,Handballkreis Hellweg,Handballkreis Hellweg,10,Bezirksklasse / Kreisklasse / Regionsklasse,Männer 1. Kreisklasse HKH,8,0,0,0,Ahlener SG 93 E.V. III,0,fussball.de
13048,Handballkreis Industrie,Handballkreis Industrie,10,Bezirksklasse / Kreisklasse / Regionsklasse,HKI-M-1. Kreisklasse,12,0,0,0,DJK Westfalia Welper e.V. III,0,fussball.de
15392,Handballkreis Iserlohn-Arnsberg,Handballkreis Iserlohn-Arnsberg,10,Bezirksklasse / Kreisklasse / Regionsklasse,HKISAR 1. Kreisklasse MÄNNER,8,1,0,2,Letmather TV H3,1,fussball.de
15837,Handballkreis Lippe,Handballkreis Lippe,10,Bezirksklasse / Kreisklasse / Regionsklasse,HBKLIP Kreisklasse Männer,11,0,0,0,HSG Blomberg-Lippe 2,0,fussball.de
14376,Handballkreis Minden-Lübbecke,Handballkreis Minden-Lübbecke,10,Bezirksklasse / Kreisklasse / Regionsklasse,HBKML Männer Kreisklasse Staffel 1,8,0,0,0,HSG EURO 3,0,fussball.de
14377,Handballkreis Minden-Lübbecke,Handballkreis Minden-Lübbecke,10,Bezirksklasse / Kreisklasse / Regionsklasse,HBKML Männer Kreisklasse Staffel 2,9,0,0,0,HCE BAD Oeynhausen 2,0,fussball.de
13229,Handballkreis Münsterland,Handballkreis Münsterland,10,Bezirksklasse / Kreisklasse / Regionsklasse,Kreisklasse 1 Münsterland Männer,12,0,0,0,DJK Eintracht Hiltrup II,0,fussball.de
12582,Handballverband Rheinhessen-Pfalz,Handballverband Rheinhessen-Pfalz,10,Bezirksklasse / Kreisklasse / Regionsklasse,M-BZK 1,11,2,114,4,HC Gonsenheim 3,2,fussball.de
12583,Handballverband Rheinhessen-Pfalz,Handballverband Rheinhessen-Pfalz,10,Bezirksklasse / Kreisklasse / Regionsklasse,M-BZK 2,12,5,296,10,HSG Grethen/Maxdorf,2,fussball.de
14384,Handballverband SAAR,Handballverband SAAR,10,Bezirksklasse / Kreisklasse / Regionsklasse,A-Liga Männer Staffel Ost,11,0,0,0,ASC Quierschied 2,0,fussball.de
14385,Handballverband SAAR,Handballverband SAAR,10,Bezirksklasse / Kreisklasse / Regionsklasse,A-Liga Männer Staffel West,10,0,0,0,HC Dillingen-Diefflen 3,0,fussball.de
14739,Bergischer HK,Bergischer HK,11,2. Bezirksklasse / 2. Kreisklasse / 2. Regionsklasse,2. Regionsklasse Männer BHK,10,0,0,0,ATV Hückeswagen III,0,fussball.de
15942,HK Düsseldorf,HK Düsseldorf,11,2. Bezirksklasse / 2. Kreisklasse / 2. Regionsklasse,2. Regionsklasse Männer (HK Düsseldorf),9,0,0,0,Hildener Wölfe 3m,0,fussball.de
15677,HK Krefeld-Grenzland,HK Krefeld-Grenzland,11,2. Bezirksklasse / 2. Kreisklasse / 2. Regionsklasse,2. BK Männer,13,0,0,0,ASV Rurtal Hückelhoven E.V. II,0,fussball.de
14329,HK Köln-Rheinberg,HK Köln-Rheinberg,11,2. Bezirksklasse / 2. Kreisklasse / 2. Regionsklasse,2.Regionsklasse Männer,13,0,0,0,Brühler TV III,0,fussball.de
13119,HR Leipzig,HR Leipzig,11,2. Bezirksklasse / 2. Kreisklasse / 2. Regionsklasse,2. RK Männer,9,1,0,2,SV Regis-Breitingen II,1,fussball.de
13297,Handballkreis Bielefeld-Herford,Handballkreis Bielefeld-Herford,11,2. Bezirksklasse / 2. Kreisklasse / 2. Regionsklasse,Männer 2.Kreisklasse,8,0,0,0,CVJM Rödinghausen III,0,fussball.de
12785,Handballkreis Dortmund,Handballkreis Dortmund,11,2. Bezirksklasse / 2. Kreisklasse / 2. Regionsklasse,hkdo-2. KK-M,7,0,0,0,DJK Normannia Dortmund,0,fussball.de
12682,Handballkreis Gütersloh,Handballkreis Gütersloh,11,2. Bezirksklasse / 2. Kreisklasse / 2. Regionsklasse,HBKGT Männer 2. Kreisklasse,12,0,0,0,HSG Rietberg-Mastholte III,0,fussball.de
12714,Handballkreis Hellweg,Handballkreis Hellweg,11,2. Bezirksklasse / 2. Kreisklasse / 2. Regionsklasse,Männer 2 Kreisklasse HKH,9,0,0,0,HC Heeren-Werve E.V. II,0,fussball.de
13037,Handballkreis Industrie,Handballkreis Industrie,11,2. Bezirksklasse / 2. Kreisklasse / 2. Regionsklasse,HKI-M-2. Kreisklasse,11,0,0,0,Elmar Herne 22 E.V.,0,fussball.de
15391,Handballkreis Iserlohn-Arnsberg,Handballkreis Iserlohn-Arnsberg,11,2. Bezirksklasse / 2. Kreisklasse / 2. Regionsklasse,HKISAR 2. Kreisklasse Männer,7,0,0,0,HV Sundern H2,0,fussball.de
13231,Handballkreis Münsterland,Handballkreis Münsterland,11,2. Bezirksklasse / 2. Kreisklasse / 2. Regionsklasse,Kreisklasse 2 Münsterland Männer Staffel 1,9,0,0,0,HSG NRG 2025 III,0,fussball.de
13232,Handballkreis Münsterland,Handballkreis Münsterland,11,2. Bezirksklasse / 2. Kreisklasse / 2. Regionsklasse,Kreisklasse 2 Münsterland Männer Staffel 2,9,0,0,0,BSV Roxel II,0,fussball.de
14397,Handballverband SAAR,Handballverband SAAR,11,2. Bezirksklasse / 2. Kreisklasse / 2. Regionsklasse,B-Liga Männer,10,0,0,0,ASC Quierschied 3,0,fussball.de
15678,HK Krefeld-Grenzland,HK Krefeld-Grenzland,12,3. Bezirksklasse / 3. Kreisklasse / 3. Regionsklasse,3. BK Männer,5,0,0,0,Eagles Niederrhein IV,0,fussball.de
13298,Handballkreis Bielefeld-Herford,Handballkreis Bielefeld-Herford,12,3. Bezirksklasse / 3. Kreisklasse / 3. Regionsklasse,Männer 3.Kreisklasse,9,0,0,0,DJK Blau-Weiss Bielefeld,0,fussball.de
12786,Handballkreis Dortmund,Handballkreis Dortmund,12,3. Bezirksklasse / 3. Kreisklasse / 3. Regionsklasse,hkdo-Hobbyliga-Männer,8,0,0,0,DJK Komet Dortmund,0,fussball.de
13040,Handballkreis Industrie,Handballkreis Industrie,12,3. Bezirksklasse / 3. Kreisklasse / 3. Regionsklasse,HKI-M-3. Kreisklasse,11,0,0,0,Bochumer HC,0,fussball.de
13233,Handballkreis Münsterland,Handballkreis Münsterland,12,3. Bezirksklasse / 3. Kreisklasse / 3. Regionsklasse,Kreisklasse 3 Münsterland Männer,9,0,0,0,DJK SV Mauritz 1906 e.V.,0,fussball.de
13047,Handballkreis Industrie,Handballkreis Industrie,13,4. Bezirksklasse / 4. Kreisklasse / 4. Regionsklasse,HKI-Ü35,12,0,0,0,DJK TuS Rotthausen e.V.,0,fussball.de
